,date_clean,tag,tag_num,unit,Y1A,Y2A,Y3A
0,2018-12-01 03:30:00.000,NE280V,GO1701,Total [1/m²],4954.774,327.416,256.882
1,2018-12-01 07:30:00.005,NE280PV,GO1701,Total [1/m²],2281.46,44.41,17.416
2,2018-12-01 11:30:00.010,NE280V,GO1701,Total [1/m²],4453.201,74.017,23.511
3,2018-12-01 15:30:00.015,NE280PV,GO1701,Total [1/m²],4352.19,77.5,37.444
4,2018-12-01 19:30:00.020,NE280V,GO1701,Total [1/m²],4345.224,62.697,40.927
5,2018-12-01 23:30:00.025,NE280PV,GO1701,Total [1/m²],5277.97,92.236,50.037
6,2018-12-02 03:30:00.030,NE280PV,GO1701,Total [1/m²],4944.857,101.093,51.477
7,2018-12-02 07:30:00.035,NE280V,GO1701,Total [1/m²],5249.1,133.23,71.404
8,2018-12-02 11:30:00.040,NE280PV,1701,Total [1/m²],5265.144,130.749,65.374
9,2018-12-02 15:30:00.045,NE280V,1701,Total [1/m²],4878.145,95.786,41.798
10,2018-12-02 19:30:00.050,NE280PV,1701,Total [1/m²],5389.53,81.205,46.183
11,2018-12-02 23:30:00.055,NE280V,1701,Total [1/m²],5772.178,116.943,60.72
12,2018-12-03 03:30:00.060,NE280PV,1701,Total [1/m²],6041.684,143.283,73.128
13,2018-12-03 07:30:00.065,NE280V,1701,Total [1/m²],6178.712,173.14,104.319
14,2018-12-03 11:30:00.070,NE280PV,1701,Total [1/m²],6562.059,350.476,219.112
15,2018-12-03 15:30:00.075,NE280V,1701,Total [1/m²],7141.108,234.378,131.332
16,2018-12-03 19:30:00.080,NE280PV,1701,Total [1/m²],6904.401,208.453,145.564
17,2018-12-03 23:30:00.085,NE280V,1701,Total [1/m²],6411.278,159.485,82.76
18,2018-12-04 03:30:00.090,NE280PV,1701,Total [1/m²],6817.809,170.774,84.566
19,2018-12-04 07:30:00.090,NE280V,1701,Total [1/m²],6970.22,178.023,105.832
20,2018-12-04 11:30:00.095,NE280PV,1701,Total [1/m²],8574.969,328.56,193.539
21,2018-12-04 15:30:00.100,NE280PV,1701,Total [1/m²],11486.65,210.882,102.849
22,2018-12-04 19:30:00.105,NE280V,1701,Total [1/m²],13097.797,270.215,151.407
23,2018-12-04 23:30:00.110,NE280PV,1701,Total [1/m²],12172.548,220.692,101.725
24,2018-12-05 03:30:00.115,NE280V,1701,Total [1/m²],13924.962,231.484,105.365
25,2018-12-05 07:30:00.120,NE280PV,1701,Total [1/m²],11621.515,200.281,103.624
26,2018-12-05 11:30:00.125,NE280V,1701,Total [1/m²],12301.79,196.946,99.525
27,2018-12-05 15:30:00.125,NE280PV,1701,Total [1/m²],14802.497,260.365,134.101
28,2018-12-05 19:30:00.130,NE280PV,1701,Total [1/m²],12899.887,298.854,155.174
29,2018-12-05 23:30:00.135,NE280PV,1701,Total [1/m²],14472.045,392.207,212.413
30,2018-12-06 03:30:00.140,NE280PV,1701,Total [1/m²],13534.22,325.857,182.315
31,2018-12-06 07:30:00.145,NE280PV,1701,Total [1/m²],13232.905,393.97,198.278
32,2018-12-06 11:30:00.150,NE280PV,1701,Total [1/m²],9332.798,512.458,343.235
33,2018-12-06 15:30:00.155,NE280PV,1701,Total [1/m²],10455.288,591.386,464.66
34,2018-12-06 19:30:00.160,NE280PV,1701,Total [1/m²],8217.735,339.233,198.726
35,2018-12-06 23:30:00.165,NE280PV,1701,Total [1/m²],9433.228,411.011,247.303
36,2018-12-07 03:30:00.170,NE280PV,1701,Total [1/m²],11969.201,512.807,309.682
37,2018-12-07 07:30:00.175,NE280PV,1701,Total [1/m²],10243.06,477.191,316.966
38,2018-12-07 11:30:00.180,NE280PV,1701,Total [1/m²],9141.515,507.668,359.635
39,2018-12-07 15:30:00.000,NE280PV,1701,Total [1/m²],8267.433,619.995,409.988
40,2018-12-07 19:30:00.190,NE280PV,1701,Total [1/m²],9453.553,617.248,435.062
41,2018-12-07 23:30:00.370,NE280PV,1701,Total [1/m²],9772.345,676.438,480.021
42,2018-12-08 03:30:00.555,NE280PV,1701,Total [1/m²],9187.569,758.5,511.457
43,2018-12-08 07:30:00.740,NE280PV,1701,Total [1/m²],10459.015,1151.18,776.741
44,2018-12-08 11:30:00.925,NE280PV,1701,Total [1/m²],9447.596,932.612,666.152
45,2018-12-08 15:30:01.110,NE280PV,1701,Total [1/m²],10631.456,1232.265,884.898
46,2018-12-08 19:30:01.290,NE280PV,1701,Total [1/m²],9252.412,1157.89,866.023
47,2018-12-08 23:30:01.475,NE280PV,1701,Total [1/m²],8991.571,1285.702,1130.899
48,2018-12-18 03:30:00.640,NE280PV,1701,Total [1/m²],15356.093,184.365,58.894
49,2018-12-18 07:30:00.000,NE280PV,1701,Total [1/m²],13048.733,138.455,68.792
50,2018-12-18 11:29:59.920,NE280PV,1701,Total [1/m²],16626.76,244.746,95.039
51,2018-12-18 15:29:59.830,NE280PV,1701,Total [1/m²],15252.814,212.532,92.183
52,2018-12-18 19:29:59.745,NE280PV,1701,Total [1/m²],14899.703,230.793,101.82
53,2018-12-18 23:29:59.660,NE280PV,1701,Total [1/m²],12020.893,161.156,68.966
54,2018-12-19 03:29:59.580,NE280PV,1701,Total [1/m²],13624.689,269.4,147.785
55,2018-12-19 07:29:59.500,NE280PV,1701,Total [1/m²],13419.985,222.185,75.987
56,2018-12-19 11:30:00.000,NE280PV,1701,Total [1/m²],15506.726,274.298,122.543
57,2018-12-19 15:30:00.490,NE280PV,1701,Total [1/m²],13688.239,330.725,172.416
58,2018-12-19 19:30:00.985,NE280PV,1701,Total [1/m²],13572.947,482.416,292.584
59,2018-12-19 23:30:01.480,NE280PV,1701,Total [1/m²],13306.744,587.713,358.325
60,2018-12-20 03:30:01.975,NE280PV,1701,Total [1/m²],13666.479,559.506,330.463
61,2018-12-20 07:30:02.000,NE280PV,1701,Total [1/m²],13520.7,457.163,275.168
62,2018-12-20 11:30:02.015,NE280PV,1701,Total [1/m²],15294.093,292.833,146.69
63,2018-12-20 15:30:02.035,NE280PV,1701,Total [1/m²],17306.008,569.494,370.955
64,2018-12-20 19:30:02.055,NE280PV,1702,Total [1/m²],14444.604,318.708,172.416
65,2018-12-20 23:30:02.075,NE280PV,1703,Total [1/m²],14935.746,393.146,197.52
66,2018-12-21 03:30:02.095,NE280PV,1704,Total [1/m²],14230.453,451.975,233.993
67,2018-12-21 07:30:00.000,NE280PV,1701,Total [1/m²],14480.274,360.169,211.553
68,2018-12-21 11:30:00.000,NE280PV,1701,Total [1/m²],14315.727,411.011,211.601
69,2018-12-21 15:29:59.990,NE280PV,1701,Total [1/m²],16393.69,611.062,350.917
70,2018-12-21 19:29:59.985,NE280PV,1701,Total [1/m²],15846.205,401.635,213.849
71,2018-12-21 23:29:59.980,NE280PV,1701,Total [1/m²],14703.853,581.361,359.994
72,2018-12-22 03:29:59.975,NE280PV,1701,Total [1/m²],14141.575,442.5,267.095
73,2018-12-22 07:29:59.970,NE280PV,1701,Total [1/m²],15833.174,549.324,340.822
74,2018-12-22 11:29:59.960,NE280PV,1701,Total [1/m²],16335.952,581.685,363.118
75,2018-12-22 15:29:59.955,NE280PV,1701,Total [1/m²],18546.858,662.786,418.362
76,2018-12-22 19:29:59.950,NE280PV,1701,Total [1/m²],16207.674,562.746,382.547
77,2018-12-22 23:29:59.945,NE280PV,1701,Total [1/m²],16556.904,432.913,249.253
78,2018-12-23 03:29:59.930,NE280PV,1701,Total [1/m²],16689.55,575.926,375.982
79,2018-12-23 07:29:59.920,NE280PV,1701,Total [1/m²],14233.56,518.053,319.05
80,2018-12-23 11:29:59.910,NE280PV,1701,Total [1/m²],16877.581,652.219,441.489
81,2018-12-23 15:29:59.900,NE280PV,1701,Total [1/m²],17882.468,1047.556,700.112
82,2018-12-23 19:29:59.890,NE280PV,1701,Total [1/m²],15996.345,825.56,577.114
83,2018-12-23 23:29:59.880,NE280PV,1701,Total [1/m²],13101.677,489.469,296.459
84,2018-12-24 03:29:59.870,NE280PV,1701,Total [1/m²],12723.059,508.539,340.477
85,2018-12-24 07:29:59.860,NE280PV,1701,Total [1/m²],14428.429,623.787,449.745
86,2018-12-24 11:29:59.850,NE280PV,1701,Total [1/m²],14447.732,467.106,321.96
87,2018-12-24 15:29:59.840,NE280PV,1701,Total [1/m²],14682.727,690.468,427.414
88,2018-12-24 19:29:59.830,NE280PV,1701,Total [1/m²],15565.306,640.028,399.691
89,2018-12-24 23:29:59.820,NE280PV,1701,Total [1/m²],13424.286,557.765,372.418
90,2018-12-25 03:29:59.810,NE280PV,1701,Total [1/m²],12107.341,451.133,260.568
91,2018-12-25 07:29:59.800,NE280PV,1701,Total [1/m²],13949.126,615.646,393.595
92,2018-12-25 11:29:59.790,NE280PV,1701,Total [1/m²],13620.84,592.135,392.725
93,2018-12-25 15:29:59.780,NE280PV,1701,Total [1/m²],16369.042,546.854,346.573
94,2018-12-25 19:29:59.770,NE280PV,1701,Total [1/m²],13241.867,564.192,377.266
95,2018-12-25 23:29:59.760,NE280PV,1701,Total [1/m²],16770.013,924.148,602.593
96,2018-12-26 03:29:59.750,NE280PV,1701,Total [1/m²],12077.491,584.764,367.718
97,2018-12-26 07:29:59.740,NE280PV,1701,Total [1/m²],13844.98,929.129,577.401
98,2018-12-26 11:29:59.730,NE280PV,1701,Total [1/m²],15434.688,997.921,692.275
99,2018-12-26 15:29:59.720,NE280PV,1701,Total [1/m²],13464.634,803.87,491.458
100,2018-12-26 19:29:59.710,NE280PV,1701,Total [1/m²],11749.897,452.009,269.691
101,2018-12-26 23:29:59.700,NE280PV,1701,Total [1/m²],10906.851,525.556,331.329
102,2018-12-27 03:29:59.690,NE280PV,E181012,Total [1/m²],10717.688,445.818,270.939
103,2018-12-27 07:29:59.680,NE280PV,1701,Total [1/m²],9880.952,374.717,197.32
104,2018-12-27 11:29:59.670,NE280PV,1701,Total [1/m²],10669.083,408.625,257.761
105,2018-12-27 15:29:59.660,NE280PV,1701,Total [1/m²],12225.442,485.102,270.313
106,2018-12-27 19:29:59.650,NE280PV,1701,Total [1/m²],11263.114,452.886,242.681
107,2018-12-27 23:29:59.640,NE280PV,1701,Total [1/m²],11840.953,556.432,333.511
108,2018-12-28 03:29:59.630,NE280PV,1701,Total [1/m²],12660.485,776.733,456.04
109,2018-12-28 07:30:00.000,NE280PV,1701,Total [1/m²],11586.801,537.44,293.573
110,2018-12-28 11:30:00.375,NE280PV,1701,Total [1/m²],11947.587,571.435,322.664
111,2018-12-28 15:30:00.750,NE280PV,1701,Total [1/m²],14354.042,815.056,482.416
112,2018-12-28 19:30:01.125,NE280PV,1701,Total [1/m²],14858.227,936.095,599.972
113,2018-12-28 23:30:01.500,NE280PV,1701,Total [1/m²],14764.818,816.388,520.695
114,2018-12-29 03:30:00.000,NE280PV,1701,Total [1/m²],13497.93,630.768,412.261
115,2018-12-29 07:30:00.000,NE280PV,1701,Total [1/m²],13965.529,708.931,465.865
116,2018-12-29 11:30:00.000,E280PV,1701,Total [1/m²],13583.807,623.489,398.256
117,2018-12-29 15:29:59.990,NE280PV,1701,Total [1/m²],14625.871,788.965,485.601
118,2018-12-29 19:29:59.985,NE280PV,1701,Total [1/m²],15306.064,740.831,437.713
119,2018-12-29 23:29:59.980,NE280PV,1701,Total [1/m²],13198.839,691.748,426.173
120,2018-12-30 03:29:59.975,NE280PV,1701,Total [1/m²],14628.24,906.414,557.477
121,2018-12-30 07:29:59.970,NE280PV,1701,Total [1/m²],12963.172,615.601,373.567
122,2018-12-30 11:29:59.965,NE280PV,1701,Total [1/m²],14476.761,861.309,494.925
123,2018-12-30 15:29:59.960,NE280PV,1701,Total [1/m²],15220.474,848.146,505.056
124,2018-12-30 19:29:59.955,NE280PV,1701,Total [1/m²],13415.665,650.007,412.936
125,2018-12-30 23:29:59.950,NE280PV,1701,Total [1/m²],13685.278,664.41,403.174
126,2018-12-31 03:29:59.945,NE280PV,1701,Total [1/m²],13529.385,500.006,287.11
127,2018-12-31 07:29:59.940,NE280PV,1701,Total [1/m²],12282.629,692.315,421.755
128,2018-12-31 11:29:59.925,NE280PV,1701,Total [1/m²],14580.007,583.368,328.929
129,2018-12-31 15:29:59.915,NE280PV,1701,Total [1/m²],15131.654,704.466,417.977
130,2018-12-31 19:29:59.905,NE282PV,1701,Total [1/m²],13168.031,500.702,272.556
131,2018-12-31 23:29:59.895,NE280PV,1701,Total [1/m²],14710.194,761.938,502.444
132,2019-01-01 03:29:59.885,NE280PV,1701,Total [1/m²],13703.529,709.016,444.234
133,2019-01-01 07:30:00.000,NE280PV,1701,Total [1/m²],12578.509,545.112,313.483
134,2019-01-01 11:30:00.000,NE280PV,1701,Total [1/m²],11684.242,423.034,265.397
135,2019-01-01 15:30:00.000,NE280PV,1701,Total [1/m²],13175.551,608.442,329.157
136,2019-01-01 19:30:00.000,NE280PV,1701,Total [1/m²],11376.581,503.545,256.34
137,2019-01-01 23:30:00.000,NE280PV,1701,Total [1/m²],11727.962,431.655,229.682
138,2019-01-14 01:00:00.000,NE280PV,1701,Total [1/m²],19864.424,940.657,514.195
139,2019-01-14 03:29:59.975,NE280PV,1701,Total [1/m²],16681.654,1137.247,626.095
140,2019-01-14 07:30:00.000,NE280PV,1701,Total [1/m²],13240.663,838.802,454.315
141,2019-01-14 11:30:00.000,NE280PV,1701,Total [1/m²],12156.964,611.744,405.343
142,2019-01-14 15:29:59.990,NE280PV,1701,Total [1/m²],13610.167,600.171,371.925
143,2019-01-14 19:29:59.985,NE282PV,1701,Total [1/m²],13115.65,646.257,370.754
144,2019-01-14 23:29:59.980,NE280PV,1701,Total [1/m²],14443.159,859.849,499.411
145,2019-01-15 03:29:59.975,NE280PV,1701,Total [1/m²],13850.434,846.244,502.293
146,2019-01-15 07:30:00.000,NE280PV,1701,Total [1/m²],13425.537,958.204,590.486
147,2019-01-15 11:30:00.000,NE280PV,1701,Total [1/m²],13806.572,1052.016,646.909
148,2019-01-15 15:30:00.000,NE280PV,1701,Total [1/m²],13857.049,1106.909,644.835
149,2019-01-15 19:30:00.000,NE280PV,1701,Total [1/m²],12019.464,1058.005,647.865
150,2019-01-15 23:30:00.000,NE282PV,1701,Total [1/m²],13112.39,1035.374,592.019
151,2019-01-16 03:30:00.000,NE282PV,1701,Total [1/m²],13707.048,985.308,646.294
152,2019-01-16 07:30:00.005,NE280PV,1701,Total [1/m²],13479.136,1172.427,699.631
153,2019-01-16 11:30:00.010,NE280PV,1701,Total [1/m²],13508.607,761.232,395.255
154,2019-01-16 15:30:00.015,NE280PV,1701,Total [1/m²],15232.716,1030.289,619.855
155,2019-01-16 19:30:00.020,NE280PV,1701,Total [1/m²],11853.935,832.868,468.8
156,2019-01-16 23:30:00.025,NE280PV,1701,Total [1/m²],16190.362,1155.889,643.04
157,2019-01-17 03:30:00.000,NE280PV,1701,Total [1/m²],14938.34,1161.629,642.64
158,2019-01-17 07:30:00.035,NE282PV,1701,Total [1/m²],15551.227,1066.451,671.455
159,2019-01-17 11:30:00.070,NE280PV,1701,Total [1/m²],14373.464,919.228,540.494
160,2019-01-17 15:30:00.105,NE280PV,1701,Total [1/m²],16607.147,1296.466,719.794
161,2019-01-18 15:30:00.000,NE280PV,1701,Total [1/m²],12008.144,1143.342,608.68
162,2019-01-18 19:30:00.000,NE280PV,1701,Total [1/m²],10538.256,909.972,499.831
163,2019-01-18 23:30:00.000,NE280PV,1701,Total [1/m²],12637.558,990.963,525.783
164,2019-01-19 03:30:00.000,NE280PV,1701,Total [1/m²],12782.9,1012.942,642.248
165,2019-01-19 07:30:00.000,NE282PV,1701,Total [1/m²],15237.799,1114.705,659.677
166,2019-01-19 07:30:00.000,NE280PV,LOT190063,Total [1/m²],15394.502,1078.025,620.526
167,2019-01-19 11:30:00.000,NE282PV,1701,Total [1/m²],15198.165,1115.696,628.483
168,2019-01-19 15:30:00.000,NE282PV,1701,Total [1/m²],15139.866,1047.757,579.14
169,2019-01-19 15:30:00.000,NE282PV,LOT190061,Total [1/m²],14033.974,1025.873,636.612
170,2019-01-19 19:30:00.000,NE282PV,1701,Total [1/m²],16403.304,973.606,533.524
171,2019-01-19 23:30:00.000,NE280PV,1701,Total [1/m²],16938.656,1289.163,828.07
172,2019-01-19 23:30:00.000,NE280PV,LOT190062,Total [1/m²],14510.784,1133.764,673.989
173,2019-01-20 03:30:00.000,NE280PV,1701,Total [1/m²],18421.641,1447.641,988.137
174,2019-01-20 07:30:00.000,NE282PV,1701,Total [1/m²],13793.867,1211.801,666.429
175,2019-01-20 11:30:00.000,NE282PV,1701,Total [1/m²],13505.896,984.206,582.556
176,2019-01-20 15:29:59.990,NE280PV,1701,Total [1/m²],12388.677,926.517,579.073
177,2019-01-20 19:29:59.985,NE280PV,1701,Total [1/m²],14085.275,1188.27,681.12
178,2019-01-20 23:30:00.000,NE280PV,1701,Total [1/m²],11088.053,648.283,389.659
179,2019-01-21 03:30:00.000,NE280PV,1701,Total [1/m²],11838.924,687.077,399.142
180,2019-01-21 07:30:00.000,NE280PV,1701,Total [1/m²],13843.544,1005.105,583.209
181,2019-01-21 11:30:00.000,NE282PV,1702,Total [1/m²],14199.042,998.792,556.432
182,2019-01-21 15:30:00.000,NE280PV,1701,Total [1/m²],17372.605,1487.085,940.528
183,2019-01-21 19:30:00.000,NE280PV,1701,Total [1/m²],16092.419,1226.738,709.491
184,2019-01-21 23:30:00.000,NE280PV,1701,Total [1/m²],14969.131,1012.08,545.696
185,2019-01-22 03:30:00.000,NE280PV,1701,Total [1/m²],17010.533,1345.705,922.424
186,2019-01-22 07:30:00.000,NE280PV,1701,Total [1/m²],13334.351,968.314,478.932
187,2019-01-22 11:30:00.000,NE280PV,1701,Total [1/m²],13619.45,805.07,426.173
188,2019-01-22 15:30:00.000,NE280PV,1701,Total [1/m²],14053.621,1064.101,598.23
189,2019-01-22 19:30:00.005,NE280PV,1701,Total [1/m²],13801.876,820.411,447.419
190,2019-01-22 23:30:00.010,NE280PV,1711,Total [1/m²],13196.672,889.565,472.269
191,2019-01-23 03:30:00.015,NE280PV,1712,Total [1/m²],12877.22,798.818,458.948
192,2019-01-23 07:30:00.020,NE280PV,1701,Total [1/m²],13626.935,956.123,545.983
193,2019-01-23 11:30:00.025,NE280PV,LOT 494,Total [1/m²],12534.124,598.481,324.937
194,2019-01-23 15:30:00.030,NE280PV,1701,Total [1/m²],15300.354,921.346,497.235
195,2019-01-23 19:30:00.035,NE280PV,1701,Total [1/m²],15892.622,1315.285,839.911
196,2019-01-23 23:30:00.040,NE280PV,1701,Total [1/m²],15394.37,1225.719,770.385
197,2019-01-24 03:30:00.045,NE280PV,1701,Total [1/m²],15595.169,1022.098,704.876
198,2019-01-24 07:30:00.050,NE280PV,1701,Total [1/m²],13938.51,1046.303,586.922
199,2019-01-24 11:30:00.055,NE280PV,1701,Total [1/m²],12800.585,743.436,449.817
200,2019-01-24 15:30:16.000,NE280PV,1701,Total [1/m²],14600.192,758.008,425.603
201,2019-01-24 19:30:14.000,NE280PV,1701,Total [1/m²],13200.043,804.891,436.16
202,2019-01-24 23:30:12.000,NE280PV,1701,Total [1/m²],14924.734,1056.046,767.789
203,2019-01-25 03:30:10.000,NE280PV,1701,Total [1/m²],15532.515,810.48,427.264
204,2019-01-25 07:30:08.000,NE280PV,1701,Total [1/m²],12235.887,673.547,358.133
205,2019-01-25 11:30:06.000,NE280PV,1701,Total [1/m²],13085.306,820.281,505.056
206,2019-01-25 15:30:16.000,NE280PV,1701,Total [1/m²],13469.323,772.387,457.163
207,2019-01-25 19:30:16.000,NE280PV,1701,Total [1/m²],11905.98,818.975,439.491
208,2019-01-25 23:30:15.990,NE282PV,1701,Total [1/m²],15618.973,1128.969,558.58
209,2019-01-26 03:30:15.985,NE282PV,1701,Total [1/m²],14735.683,1092.245,615.173
210,2019-01-26 07:30:15.980,NE280PV,1701,Total [1/m²],11087.385,787.306,481.181
211,2019-01-26 11:30:15.975,NE280PV,1701,Total [1/m²],10721.121,614.427,316.618
212,2019-01-26 15:30:16.000,NE280PV,1701,Total [1/m²],12140.049,704.921,418.833
213,2019-01-26 19:30:16.000,NE280PV,1701,Total [1/m²],12136.529,775.017,443.842
214,2019-01-26 23:30:00.000,NE280PV,1701,Total [1/m²],11533.661,608.991,317.15
215,2019-01-27 03:30:00.000,NE280PV,1701,Total [1/m²],11800.897,638.286,336.124
216,2019-01-27 07:30:00.000,NE280PV,1701,Total [1/m²],14349.186,1082.019,625.56
217,2019-01-27 11:30:00.000,NE280PV,1701,Total [1/m²],12254.709,672.949,352.748
218,2019-01-27 15:29:59.990,NE280PV,1701,Total [1/m²],13866.086,653.991,380.504
219,2019-01-27 19:29:59.985,NE280PV,1701,Total [1/m²],12093.481,620.871,336.994
220,2019-01-27 23:29:59.980,NE280PV,1701,Total [1/m²],13588.943,881.044,505.178
221,2019-05-09 19:30:00.000,NE280PV,REFERENCE,Total [1/m²],1541.965,278.176,321.724
222,2019-06-02 03:30:00.000,NE280PV,1701,Total [1/m²],3860.802,229.16,157.138
223,2019-06-02 07:30:00.005,NE280PV,1701,Total [1/m²],2904.272,213.19,150.281
224,2019-06-02 11:30:00.010,NE280PV,1701,Total [1/m²],935.872,53.794,51.035
225,2019-06-02 15:30:00.015,NE280PV,1701,Total [1/m²],2645.918,290.307,255.676
226,2019-06-02 19:30:00.020,NE282PV,1701,Total [1/m²],2752.735,448.788,400.613
227,2019-06-02 23:30:00.025,NE282PV,1701,Total [1/m²],5200.582,858.33,886.442
228,2019-06-03 03:30:00.030,NE282PV,1701,Total [1/m²],8178.192,1552.63,1479.753
229,2019-06-03 07:30:00.035,NE282PV,1701,Total [1/m²],6985.299,1318.57,1363.726
230,2019-06-03 10:00:00.000,NE280PV,1701,Total [1/m²],5084.556,968.771,893.66
231,2019-06-03 11:30:00.000,NE280PV,1701,Total [1/m²],6395.464,1150.939,1037.711
232,2019-06-03 15:30:00.000,NE280PV,1701,Total [1/m²],10017.352,2011.702,1951.356
233,2019-06-03 17:30:00.000,NE280PV,1701,Total [1/m²],12698.643,2620.832,2480.744
234,2019-06-03 23:30:00.000,NE280PV,1701,Total [1/m²],14933.785,3084.517,2439.682
235,2019-06-04 03:30:00.000,NE280PV,1701,Total [1/m²],13375.148,2950.895,2545.718
236,2019-06-04 07:30:00.000,NE280PV,1701,Total [1/m²],18012.651,3605.563,2680.425
237,2019-06-04 11:30:00.000,NE280PV,1701,Total [1/m²],9274.24,2102.609,1656.053
238,2019-06-04 15:29:59.990,NE280PV,1701,Total [1/m²],9700.172,2337.697,2054.675
239,2019-06-04 19:29:59.985,NE280PV,1701,Total [1/m²],8059.927,1720.1,1344.842
240,2019-06-04 23:29:59.980,NE280PV,1701,Total [1/m²],8189.746,1922.963,1668.738
241,2019-06-05 03:29:59.975,NE280PV,1701,Total [1/m²],23376.695,4929.242,3381.092
242,2019-06-05 07:30:00.000,NE280PV,1701,Total [1/m²],12163.363,2821.494,2228.513
243,2019-06-05 11:30:00.030,NE280PV,1701,Total [1/m²],8721.555,1919.29,1537.179
244,2019-06-05 15:30:00.060,NE280PV,1701,Total [1/m²],12445.112,2674.277,2090.999
245,2019-06-05 19:30:00.090,NE280PV,1701,Total [1/m²],4797.877,1064.256,914.932
246,2019-06-05 23:30:00.120,NE280PV,1701,Total [1/m²],2664.288,590.64,481.715
247,2019-06-06 03:30:00.150,NE280PV,1701,Total [1/m²],4371.295,782.733,609.031
248,2019-06-06 07:30:00.180,NE280PV,#399,Total [1/m²],3793.145,719.794,636.097
249,2019-06-06 07:30:00.180,NE280PV,#399,Total [1/m²],4305.275,794.766,590.465
250,2019-06-06 11:30:00.000,NE280PV,1701,Total [1/m²],1895.789,316.618,282.135
251,2019-06-06 15:29:59.815,NE280PV,1701,Total [1/m²],3200.388,611.006,563.812
252,2019-06-06 19:29:59.635,NE282PV,1701,Total [1/m²],1543.675,270.219,253.078
253,2019-06-06 23:30:00.000,NE282PV,1701,Total [1/m²],4224.185,658.874,512.849
254,2019-06-07 03:30:00.360,NE280PV,1701,Total [1/m²],4755.675,774.371,617.698
255,2019-06-07 07:30:00.725,NE280PV,1701,Total [1/m²],2086.737,393.852,400.613
256,2019-06-07 11:30:01.090,NE280PV,1701,Total [1/m²],5133.062,851.405,685.558
257,2019-06-07 15:30:01.455,NE280PV,1701,Total [1/m²],2200.434,359.342,331.175
258,2019-06-07 19:30:01.820,NE280PV,1701,Total [1/m²],1082.057,206.602,242.274
259,2019-06-07 23:30:02.175,NE282PV,1701,Total [1/m²],3699.971,723.623,723.623
260,2019-06-08 07:30:00.000,NE280PV,1701,Total [1/m²],3100.034,552.592,508.626
261,2019-06-08 11:30:00.000,NE280PV,1701,Total [1/m²],5338.081,759.234,706.299
262,2019-06-08 15:29:59.990,NE280PV,1701,Total [1/m²],1471.121,278.579,338.446
263,2019-06-08 19:30:00.000,NE280PV,1701,Total [1/m²],5749.802,959.607,846.404
264,2019-06-08 23:30:00.000,NE280PV,1701,Total [1/m²],7768.285,1350.59,1174.691
265,2019-06-09 03:29:59.990,NE280PV,1701,Total [1/m²],4842.456,883.181,742.645
266,2019-06-09 07:29:59.985,NE282PV,1701,Total [1/m²],5495.328,848.556,721.779
267,2019-06-09 11:29:59.980,NE280PV,1701,Total [1/m²],5341.072,831.562,672.116
268,2019-06-09 15:29:59.975,NE282PV,1701,Total [1/m²],7280.419,1315.499,1166.293
269,2019-06-09 19:29:59.970,NE282PV,1701,Total [1/m²],4647.014,738.924,707.452
270,2019-06-09 23:29:59.960,NE282PV,1701,Total [1/m²],6088.323,993.524,953.408
271,2019-06-10 03:29:59.955,NE280PV,1701,Total [1/m²],4808.121,855.572,734.393
272,2019-06-10 07:29:59.950,NE280PV,1701,Total [1/m²],5829.2,866.922,718.722
273,2019-06-10 11:29:59.945,NE280PV,1701,Total [1/m²],3893.618,560.661,481.896
274,2019-06-10 15:29:59.940,NE280PV,1701,Total [1/m²],4484.55,567.753,495.477
275,2019-06-10 19:29:59.935,NE280PV,1701,Total [1/m²],4000.906,599.145,445.695
276,2019-06-10 23:30:00.000,NE280PV,1701,Total [1/m²],3384.747,463.258,434.522
277,2019-06-11 03:30:00.000,NE280PV,1701,Total [1/m²],3388.169,475.146,443.068
278,2019-06-11 07:30:00.005,NE280PV,1701,Total [1/m²],3564.224,532.46,430.315
279,2019-06-11 11:30:00.010,NE280PV,1701,Total [1/m²],2796.966,361.328,319.288
280,2019-06-11 15:30:00.015,NE280PV,1701,Total [1/m²],2913.825,464.001,473.129
281,2019-06-11 19:30:00.020,NE280PV,1701,Total [1/m²],3760.926,512.022,424.073
282,2019-06-11 23:30:00.025,NE280PV,1701,Total [1/m²],3073.31,389.659,305.176
283,2019-06-12 03:30:00.030,NE280PV,1701,Total [1/m²],9540.335,1076.07,1123.148
284,2019-06-12 07:30:00.035,NE280PV,1701,Total [1/m²],2446.247,465.048,451.603
285,2019-06-12 11:30:00.040,NE280PV,1701,Total [1/m²],593.805,79.131,80.418
286,2019-06-12 15:30:00.045,NE280PV,1701,Total [1/m²],1690.741,178.032,143.773
287,2019-06-12 23:30:00.000,NE280PV,1701,Total [1/m²],4618.154,687.939,621.559
288,2019-06-13 03:30:00.000,NE280PV,1701,Total [1/m²],4265.414,773.622,745.136
289,2019-06-13 07:30:00.000,NE280PV,1701,Total [1/m²],5986.751,963.65,768.189
290,2019-06-13 11:30:00.000,NE280PV,1701,Total [1/m²],3303.328,559.698,549.902
291,2019-06-13 15:30:00.000,NE282PV,1701,Total [1/m²],4674.059,803.399,653.441
292,2019-06-13 19:30:00.000,NE280PV,1701,Total [1/m²],5630.94,1020.387,935.747
293,2019-06-13 23:30:00.000,NE280PV,1701,Total [1/m²],14405.404,2571.747,2155.196
294,2019-07-11 03:30:00.000,NE282PV,1701,Total [1/m²],12977.597,1369.852,963.444
295,2019-07-11 07:30:00.005,NE282PV,1701,Total [1/m²],11944.152,1298.574,916.64
296,2019-07-11 11:30:00.010,NE282PV,1701,Total [1/m²],10233.779,1088.941,765.284
297,2019-07-11 15:30:00.015,NE280PV,1701,Total [1/m²],12574.968,1398.58,974.543
298,2019-07-11 19:30:00.020,NE280PV,1701,Total [1/m²],12149.272,1427.602,1026.735
299,2019-07-11 23:30:00.000,NE282PV,1701,Total [1/m²],12319.187,1398.104,954.261
300,2019-07-12 03:30:00.000,NE282PV,1701,Total [1/m²],10626.598,1222.704,834.439
301,2019-07-12 07:30:00.005,NE282PV,1701,Total [1/m²],8956.461,900.224,545.474
302,2019-07-12 11:30:00.010,NE282PV,1701,Total [1/m²],7951.823,570.56,365.816
303,2019-07-12 15:30:00.015,NE280PV,1701,Total [1/m²],6954.363,567.865,325.059
304,2019-07-12 19:30:00.020,NE280PV,1701,Total [1/m²],7754.516,568.732,351.417
305,2019-07-12 23:30:00.000,NE282PV,1701,Total [1/m²],7636.796,576.461,390.983
306,2019-07-13 03:30:00.000,NE282PV,1701,Total [1/m²],7247.375,688.818,473.298
307,2019-07-13 07:30:00.005,NE282PV,1701,Total [1/m²],8324.919,706.215,485.523
308,2019-07-13 11:30:00.010,NE282PV,1701,Total [1/m²],9230.084,935.867,585.191
309,2019-07-13 15:30:00.015,NE280PV,1701,Total [1/m²],11156.515,1348.848,856.854
310,2019-07-13 19:30:00.020,NE280PV,1701,Total [1/m²],7865.884,854.312,544.43
311,2019-07-13 23:30:00.000,NE280PV,1701,Total [1/m²],9407.431,1020.639,715.063
312,2019-07-14 03:30:00.000,NE280PV,1701,Total [1/m²],10057.15,1245.801,825.132
313,2019-07-14 07:30:00.005,NE282PV,1701,Total [1/m²],9733.805,1210.324,843.301
314,2019-07-14 11:30:00.010,NE282PV,1701,Total [1/m²],9603.31,1084.018,774.036
315,2019-07-14 15:30:00.015,NE282PV,1701,Total [1/m²],7619.527,880.774,653.31
316,2019-07-14 19:30:00.020,NE282PV,1701,Total [1/m²],7553.01,844.035,574.184
317,2019-07-14 23:30:00.025,NE282PV,1701,Total [1/m²],7266.459,692.249,497.419
318,2019-07-15 03:30:00.030,NE282PV,1701,Total [1/m²],9118.004,1224.326,834.213
319,2019-07-15 07:30:00.000,NE280PV,1701,Total [1/m²],8390.897,1052.781,715.786
320,2019-07-15 11:30:00.000,NE280PV,1701,Total [1/m²],6893.18,737.077,517.247
321,2019-07-15 15:30:00.000,NE280PV,1701,Total [1/m²],8961.698,987.472,700.635
322,2019-07-15 19:30:00.000,NE280PV,1701,Total [1/m²],5659.764,621.719,406.93
323,2019-07-15 23:30:00.000,NE280PV,1701,Total [1/m²],7745.775,955.183,631.041
324,2019-07-16 03:30:00.000,NE280PV,1701,Total [1/m²],9220.826,1448.463,992.671
325,2019-07-16 07:30:00.000,NE280PV,1701,Total [1/m²],8693.381,1176.157,861.574
326,2019-07-16 11:30:00.000,NE280PV,1701,Total [1/m²],8472.751,1129.41,828.989
327,2019-07-16 15:29:59.990,NE280PV,1701,Total [1/m²],7564.739,1035.292,708.82
328,2019-07-16 19:29:59.985,NE280PV,1701,Total [1/m²],8277.695,1118.09,861.208
329,2019-07-16 23:30:00.000,NE280PV,1701,Total [1/m²],6565.888,806.541,616.718
330,2019-07-17 03:30:00.000,NE280PV,1701,Total [1/m²],7369.465,962.219,689.663
331,2019-07-17 07:30:00.000,NE280PV,1701,Total [1/m²],5977.948,647.865,509.41
332,2019-07-17 11:30:00.000,NE280PV,1701,Total [1/m²],8559.371,1144.733,846.82
333,2019-07-17 15:29:59.990,NE280PV,1701,Total [1/m²],7553.289,924.714,694.377
334,2019-07-17 19:29:59.985,NE280PV,1701,Total [1/m²],6179.611,875.341,592.679
335,2019-07-17 23:29:59.975,NE280PV,1701,Total [1/m²],8047.13,1105.802,815.782
336,2019-07-18 03:29:59.970,NE280PV,1701,Total [1/m²],9528.773,1377.795,992.666
337,2019-07-18 07:29:59.965,NE280PV,1701,Total [1/m²],10508.798,1653.846,1165.334
338,2019-07-18 11:29:59.960,NE280PV,1701,Total [1/m²],6362.641,883.84,604.292
339,2019-07-18 15:30:00.000,NE280PV,1701,Total [1/m²],7523.982,1072.904,675.153
340,2019-07-18 19:30:00.000,NE280PV,1701,Total [1/m²],9159.386,1332.663,882.642
341,2019-07-18 23:30:00.000,NE282PV,1701,Total [1/m²],8631.048,1163.806,842.237
342,2019-07-19 03:30:00.000,NE282PV,1701,Total [1/m²],8121.757,1123.368,723.435
343,2019-07-19 07:30:00.000,NE282PV,1701,Total [1/m²],7739.497,1047.613,747.759
344,2019-07-19 11:30:00.000,NE282PV,1701,Total [1/m²],5034.228,649.277,485.405
345,2019-07-19 15:29:59.990,NE280PV,1701,Total [1/m²],6466.459,808.09,545.112
346,2019-07-19 19:29:59.985,NE280PV,1701,Total [1/m²],5506.982,593.134,446.824
347,2019-07-19 23:29:59.980,NE280PV,1701,Total [1/m²],5993.417,710.51,507.105
348,2019-07-20 03:29:59.975,NE280PV,1701,Total [1/m²],8162.121,1091.649,808.258
349,2019-07-20 07:29:59.970,NE280PV,1701,Total [1/m²],10421.473,1542.065,1072.32
350,2019-07-20 11:29:59.965,NE280PV,1701,Total [1/m²],7694.49,1185.798,847.124
351,2019-07-20 15:30:00.000,NE280PV,1701,Total [1/m²],7399.22,980.183,687.077
352,2019-07-20 19:30:00.000,NE280PV,1701,Total [1/m²],8374.23,1185.358,895.7
353,2019-07-20 23:30:00.000,NE280PV,1701,Total [1/m²],15788.652,2624.784,1903.581
354,2019-07-21 03:30:00.000,NE280PV,1701,Total [1/m²],9717.571,1334.275,1050.623
355,2019-07-21 07:30:00.000,NE280PV,1701,Total [1/m²],9302.366,1204.216,955.021
356,2019-07-21 11:30:00.000,NE280PV,1701,Total [1/m²],9603.965,1266.434,942.129
357,2019-07-21 15:30:00.000,NE280PV,1701,Total [1/m²],9632.131,1285.136,855.693
358,2019-07-21 19:30:00.000,NE280PV,1701,Total [1/m²],13321.289,2009.775,1488.174
359,2019-07-21 23:30:00.000,NE280PV,1701,Total [1/m²],8379.577,1051.91,716.657
360,2019-08-17 03:30:00.000,NE280PV,1701,Total [1/m²],1813.987,75.341,21.009
361,2019-08-17 07:30:00.000,NE280PV,1701,Total [1/m²],1740.702,46.152,13.933
362,2019-08-17 11:30:00.000,NE280PV,1701,Total [1/m²],2049.831,53.118,15.674
363,2019-08-17 15:29:59.990,NE280PV,1701,Total [1/m²],1938.129,33.157,14.147
364,2019-08-17 19:29:59.985,NE280PV,1701,Total [1/m²],2045.228,49.044,30.158
365,2019-08-17 23:30:00.000,NE280PV,1701,Total [1/m²],2546.58,95.691,63.794
366,2019-08-18 03:30:00.000,NE280PV,1701,Total [1/m²],2671.598,109.873,114.099
367,2019-08-18 07:30:00.000,NE280PV,1701,Total [1/m²],2761.237,117.243,98.277
368,2019-08-18 11:30:00.000,NE280PV,1701,Total [1/m²],2684.993,142.952,124.947
369,2019-08-18 15:30:00.000,NE280PV,1701,Total [1/m²],2837.022,185.477,183.736
370,2019-08-18 19:30:00.000,NE280PV,1701,Total [1/m²],2530.454,180.867,155.512
371,2019-08-18 23:30:00.000,NE280PV,1701,Total [1/m²],2879.962,247.783,249.332
372,2019-08-19 03:30:00.000,NE280PV,1701,Total [1/m²],3218.93,298.451,308.029
373,2019-08-19 07:30:00.000,NE280PV,1701,Total [1/m²],3381.349,326.358,317.122
374,2019-08-19 11:30:00.000,NE280PV,1701,Total [1/m²],3157.471,256.882,263.848
375,2019-08-19 15:30:00.000,NE280PV,1701,Total [1/m²],2885.089,239.74,279.97
376,2019-08-19 19:30:00.000,NE280PV,1701,Total [1/m²],2069.85,188.795,186.209
377,2019-08-19 23:30:00.000,NE280PV,1701,Total [1/m²],2903.14,229.483,205.199
378,2019-08-20 03:30:00.000,NE280PV,1701,Total [1/m²],3219.676,248.212,247.796
379,2019-08-20 07:30:00.000,NE280PV,1701,Total [1/m²],3235.575,326.292,363.834
380,2019-08-20 11:30:00.000,NE280PV,1701,Total [1/m²],2655.028,208.989,203.764
381,2019-08-20 15:30:00.000,NE280PV,1701,Total [1/m²],3597.218,226.404,215.955
382,2019-08-20 19:30:00.000,NE280PV,1701,Total [1/m²],3235.668,224.14,182.268
383,2019-08-20 23:30:00.000,NE280PV,LOT 283,Total [1/m²],4212.331,353.452,397.634
384,2019-08-21 03:30:00.000,NE280PV,1701,Total [1/m²],5979.951,729.893,827.595
385,2019-08-21 07:30:00.000,NE280PV,1701,Total [1/m²],5659.902,592.436,638.457
386,2019-08-21 11:30:00.000,NE280PV,1701,Total [1/m²],7298.356,791.388,844.837
387,2019-08-21 15:30:00.000,NE280PV,1701,Total [1/m²],3667.9,435.919,509.928
388,2019-08-21 19:30:00.000,NE280PV,1701,Total [1/m²],3379.522,363.989,391.854
389,2019-08-21 23:30:00.000,NE280PV,1701,Total [1/m²],5053.336,562.746,571.127
390,2019-08-22 03:30:00.000,NE280PV,LOT 285,Total [1/m²],4072.485,439.727,440.395
391,2019-08-22 07:30:00.000,NE280PV,1701,Total [1/m²],3874.181,415.522,397.418
392,2019-08-22 11:30:00.000,NE280PV,1701,Total [1/m²],3704.543,314.0,281.672
393,2019-08-22 15:30:00.000,NE280PV,1701,Total [1/m²],3629.35,339.659,309.486
394,2019-08-22 19:30:00.000,NE280PV,1701,Total [1/m²],3033.379,341.042,376.094
395,2019-08-22 23:30:00.000,NE280PV,1701,Total [1/m²],3441.008,365.287,340.448
396,2019-08-23 03:30:00.000,NE280PV,1701,Total [1/m²],2079.861,119.604,95.528
397,2019-08-23 07:30:00.000,NE280PV,1701,Total [1/m²],2717.724,242.079,240.337
398,2019-08-23 11:30:00.000,NE280PV,1701,Total [1/m²],2692.036,100.315,67.399
399,2019-08-23 15:29:59.990,NE280PV,1701,Total [1/m²],2940.067,133.101,107.523
400,2019-08-23 19:29:59.985,NE280PV,1701,Total [1/m²],3200.61,237.934,200.002
401,2019-08-23 23:29:59.980,NE280PV,1701,Total [1/m²],2822.667,210.825,180.951
402,2019-08-24 03:30:00.000,NE280PV,1701,Total [1/m²],2354.183,129.902,118.093
403,2019-08-24 08:30:00.000,NE280PV,1701,Total [1/m²],2765.479,155.345,132.299
404,2019-08-24 11:30:00.000,NE280PV,1701,Total [1/m²],2507.786,193.106,179.312
405,2019-08-24 15:30:00.000,NE280PV,E190289,Total [1/m²],3099.084,221.677,182.972
406,2019-08-24 19:30:00.000,NE280PV,E190289,Total [1/m²],3315.41,114.046,99.678
407,2019-08-24 23:30:00.000,NE280PV,1701,Total [1/m²],3645.112,119.298,88.82
408,2019-08-25 03:30:00.000,NE280PV,1701,Total [1/m²],4370.994,342.271,234.724
409,2019-08-25 08:30:00.000,NE280PV,1701,Total [1/m²],3172.62,213.386,227.042
410,2019-08-25 11:30:00.000,NE280PV,1701,Total [1/m²],3177.754,276.528,265.918
411,2019-08-25 15:30:00.000,NE280PV,1701,Total [1/m²],4253.791,372.697,308.258
412,2019-08-25 19:30:00.000,NE280PV,1701,Total [1/m²],3776.928,224.482,180.098
413,2019-08-25 23:30:00.000,NE280PV,1701,Total [1/m²],3905.477,341.348,262.977
414,2019-08-26 03:30:00.000,NE280PV,1701,Total [1/m²],3577.626,259.469,162.274
415,2019-08-26 08:30:00.000,NE280PV,1701,Total [1/m²],3564.014,221.569,171.659
416,2019-08-26 11:30:00.000,NE280PV,1701,Total [1/m²],6198.344,765.526,723.284
417,2019-08-26 15:30:00.000,NE280PV,1701,Total [1/m²],5624.622,586.741,524.284
418,2019-08-26 19:30:00.000,NE280PV,1701,Total [1/m²],4836.527,616.786,533.244
419,2019-08-26 23:30:00.000,NE280PV,1701,Total [1/m²],4137.115,269.831,250.865
420,2019-08-27 03:30:00.000,NE280PV,1701,Total [1/m²],4080.947,254.645,209.551
421,2019-08-27 07:30:00.000,NE280PV,1701,Total [1/m²],4093.748,317.095,254.126
422,2019-08-27 11:30:00.000,NE280PV,1701,Total [1/m²],3457.893,297.809,258.624
423,2019-08-27 15:30:00.000,NE282PV,1701,Total [1/m²],4325.048,387.935,314.659
424,2019-08-27 19:30:00.000,NE282PV,1701,Total [1/m²],3929.889,237.072,199.17
425,2019-08-27 23:30:00.000,NE280PV,1701,Total [1/m²],4665.366,330.463,266.23
426,2019-08-28 03:30:00.000,NE280PV,1701,Total [1/m²],4828.502,539.661,413.798
427,2019-08-28 07:30:00.005,NE282PV,1701,Total [1/m²],10884.22,1676.264,1345.8
428,2019-08-28 11:30:00.010,NE282PV,1701,Total [1/m²],10625.551,1789.536,1439.497
429,2019-08-28 15:30:00.015,NE282PV,1701,Total [1/m²],7676.809,1064.667,812.94
430,2019-08-28 19:30:00.020,NE280PV,E190298,Total [1/m²],5643.566,566.882,403.174
431,2019-08-28 23:30:00.025,NE282PV,1701,Total [1/m²],6676.882,759.812,529.08
432,2019-08-29 03:30:00.030,NE282PV,1701,Total [1/m²],8468.531,1230.548,911.439
433,2019-08-29 07:30:00.035,NE282PV,1701,Total [1/m²],10520.138,1648.146,1201.348
434,2019-08-29 11:30:00.040,NE282PV,1701,Total [1/m²],5750.525,649.638,490.307
435,2019-08-29 15:30:00.045,NE282PV,1701,Total [1/m²],5293.493,632.467,445.131
436,2019-08-29 19:30:00.050,NE282PV,1701,Total [1/m²],3728.707,286.489,242.079
437,2019-08-29 23:30:00.055,NE280PV,1701,Total [1/m²],4013.454,329.157,290.843
438,2019-08-30 03:30:00.060,NE280PV,1701,Total [1/m²],10339.913,1672.432,1362.084
439,2019-08-30 07:30:00.065,NE280PV,1701,Total [1/m²],10185.961,1701.765,1327.825
440,2019-08-30 11:30:00.070,NE280PV,1701,Total [1/m²],11701.014,1998.094,1643.054
441,2019-08-30 15:30:00.075,NE282PV,1701,Total [1/m²],8326.459,1256.545,1104.157
442,2019-08-30 19:30:00.080,NE282PV,1701,Total [1/m²],6764.848,1071.712,848.787
443,2019-08-30 23:30:00.085,NE282PV,1701,Total [1/m²],5980.238,888.803,743.974
444,2019-08-31 03:30:00.090,NE282PV,1701,Total [1/m²],11165.894,2097.461,1629.249
445,2019-08-31 07:30:00.095,NE282PV,1701,Total [1/m²],6996.629,1168.116,908.631
446,2019-08-31 11:30:00.100,NE282PV,1701,Total [1/m²],5890.87,905.646,713.764
447,2019-08-31 15:30:00.105,NE282PV,1701,Total [1/m²],3839.085,318.175,250.683
448,2019-08-31 19:30:00.110,NE282PV,1701,Total [1/m²],3743.794,334.836,266.745
449,2019-08-31 23:30:00.115,NE282PV,1701,Total [1/m²],3347.451,353.452,306.038
450,2019-09-01 03:30:00.120,NE282PV,1701,Total [1/m²],3761.683,385.733,374.406
451,2019-09-01 07:30:00.125,NE280PV,1701,Total [1/m²],3313.342,371.826,321.32
452,2019-09-01 11:30:00.130,NE280PV,1701,Total [1/m²],3619.931,403.9,338.446
453,2019-09-01 15:30:00.135,NE280PV,1701,Total [1/m²],4992.623,663.652,517.247
454,2019-09-01 19:30:00.140,NE280PV,1701,Total [1/m²],5992.076,892.777,754.424
455,2019-09-01 23:30:00.000,NE280PV,1701,Total [1/m²],4920.676,621.379,537.732
456,2019-09-02 03:30:00.000,NE282PV,1701,Total [1/m²],4395.018,506.175,452.393
457,2019-09-02 07:30:00.000,E280PV,1701,Total [1/m²],3657.028,295.678,236.693
458,2019-09-02 11:30:00.000,E280PV,1701,Total [1/m²],3484.521,190.519,153.45
459,2019-09-02 15:30:00.000,E280PV,1701,Total [1/m²],9646.053,407.725,312.314
460,2019-09-02 19:30:00.000,E280PV,1701,Total [1/m²],10205.176,464.835,326.501
461,2019-09-02 23:30:00.000,E280PV,1701,Total [1/m²],10584.371,476.5,340.454
462,2019-09-03 03:30:00.000,E280PV,1701,Total [1/m²],11039.307,587.781,464.739
463,2019-09-03 07:30:00.000,E280PV,1701,Total [1/m²],16769.913,1675.251,1262.448
464,2019-09-03 10:00:00.000,E280PV,1701,Total [1/m²],16687.749,1410.674,1167.724
465,2019-09-03 11:30:00.000,E280PV,1701,Total [1/m²],22668.526,2667.616,2204.852
466,2019-09-03 11:30:00.000,E280PV,K SILO,Total [1/m²],18986.887,1648.137,1260.202
467,2019-09-03 11:30:00.000,E280PV,REF,Total [1/m²],6632.78,269.944,194.185
468,2019-09-03 13:30:00.000,E280PV,1701,Total [1/m²],22569.04,2422.528,1950.561
469,2019-09-03 15:30:00.000,NE282PV,1701,Total [1/m²],27633.534,3436.123,2903.202
470,2019-09-03 18:30:00.000,NE282PV,1701,Total [1/m²],14115.267,951.667,728.541
471,2019-09-03 19:30:00.000,NE282PV,1701,Total [1/m²],13207.919,788.144,605.793
472,2019-09-03 23:30:00.000,NE282PV,1701,Total [1/m²],15553.431,1237.614,980.762
473,2019-09-04 03:30:00.000,NE282PV,1701,Total [1/m²],17484.66,1599.893,1170.407
